17.4193548387,35,Feb 24 23:42:20
17.7419354839,37,Feb 24 23:43:21
17.7419354839,36,Feb 24 23:44:22
17.4193548387,227,Feb 24 23:45:22
17.4193548387,226,Feb 24 23:46:23
17.4193548387,544,Feb 24 23:47:23
17.7419354839,755,Feb 24 23:48:24
17.7419354839,762,Feb 24 23:49:24
17.7419354839,761,Feb 24 23:50:25
17.7419354839,758,Feb 24 23:51:26
17.4193548387,757,Feb 24 23:52:26
18.064516129,308,Feb 24 23:53:27
17.7419354839,755,Feb 24 23:54:27
18.064516129,757,Feb 24 23:55:28
17.7419354839,740,Feb 24 23:56:29
17.7419354839,22,Feb 24 23:57:29
17.7419354839,23,Feb 24 23:58:30
17.7419354839,23,Feb 24 23:59:30
17.4193548387,23,Feb 25 00:00:31
17.7419354839,23,Feb 25 00:01:31
17.4193548387,22,Feb 25 00:02:32
17.4193548387,22,Feb 25 00:03:32
17.4193548387,22,Feb 25 00:04:33
17.4193548387,22,Feb 25 00:05:33
17.4193548387,22,Feb 25 00:06:34
17.4193548387,22,Feb 25 00:07:35
17.4193548387,22,Feb 25 00:08:35
17.4193548387,22,Feb 25 00:09:36
17.4193548387,22,Feb 25 00:10:36
17.4193548387,22,Feb 25 00:11:37
17.4193548387,22,Feb 25 00:12:37
17.0967741935,22,Feb 25 00:13:38
17.4193548387,23,Feb 25 00:14:38
17.0967741935,22,Feb 25 00:15:39
17.4193548387,22,Feb 25 00:16:39
17.4193548387,23,Feb 25 00:17:40
17.4193548387,23,Feb 25 00:18:40
17.4193548387,23,Feb 25 00:19:41
17.4193548387,22,Feb 25 00:20:41
17.4193548387,23,Feb 25 00:21:42
17.0967741935,23,Feb 25 00:22:42
17.0967741935,23,Feb 25 00:23:43
17.4193548387,22,Feb 25 00:24:44
17.4193548387,23,Feb 25 00:25:44
17.4193548387,23,Feb 25 00:26:45
17.0967741935,23,Feb 25 00:27:45
17.4193548387,23,Feb 25 00:28:46
17.4193548387,23,Feb 25 00:29:46
17.4193548387,23,Feb 25 00:30:47
17.0967741935,23,Feb 25 00:31:47
17.0967741935,23,Feb 25 00:32:48
17.0967741935,23,Feb 25 00:33:48
17.4193548387,23,Feb 25 00:34:49
17.0967741935,23,Feb 25 00:35:49
17.0967741935,23,Feb 25 00:36:50
17.0967741935,23,Feb 25 00:37:50
17.0967741935,23,Feb 25 00:38:51
17.0967741935,22,Feb 25 00:39:52
17.0967741935,22,Feb 25 00:40:52
17.0967741935,23,Feb 25 00:41:53
17.0967741935,23,Feb 25 00:42:53
17.0967741935,23,Feb 25 00:43:54
17.0967741935,23,Feb 25 00:44:55
17.0967741935,22,Feb 25 00:45:55
17.0967741935,23,Feb 25 00:46:56
17.0967741935,22,Feb 25 00:47:56
17.4193548387,23,Feb 25 00:48:57
17.0967741935,23,Feb 25 00:49:58
17.0967741935,23,Feb 25 00:50:58
17.0967741935,23,Feb 25 00:51:59
17.0967741935,23,Feb 25 00:52:59
17.0967741935,23,Feb 25 00:54:00
17.0967741935,23,Feb 25 00:55:00
17.0967741935,23,Feb 25 00:56:01
17.0967741935,23,Feb 25 00:57:01
17.0967741935,23,Feb 25 00:58:02
17.0967741935,23,Feb 25 00:59:02
16.7741935484,23,Feb 25 01:00:03
17.0967741935,23,Feb 25 01:01:03
17.0967741935,23,Feb 25 01:02:04
16.7741935484,23,Feb 25 01:03:04
17.0967741935,23,Feb 25 01:04:05
17.0967741935,23,Feb 25 01:05:05
17.0967741935,23,Feb 25 01:06:06
17.0967741935,23,Feb 25 01:07:07
16.7741935484,23,Feb 25 01:08:07
17.0967741935,23,Feb 25 01:09:08
16.7741935484,23,Feb 25 01:10:08
16.7741935484,23,Feb 25 01:11:09
16.7741935484,23,Feb 25 01:12:09
16.7741935484,23,Feb 25 01:13:10
17.0967741935,24,Feb 25 01:14:10
17.0967741935,23,Feb 25 01:15:11
16.7741935484,23,Feb 25 01:16:11
16.7741935484,23,Feb 25 01:17:12
16.7741935484,23,Feb 25 01:18:12
16.7741935484,24,Feb 25 01:19:13
16.7741935484,23,Feb 25 01:20:13
16.4516129032,23,Feb 25 01:21:14
16.7741935484,23,Feb 25 01:22:15
16.7741935484,23,Feb 25 01:23:15
16.7741935484,23,Feb 25 01:24:16
16.7741935484,23,Feb 25 01:25:16
16.7741935484,23,Feb 25 01:26:17
16.7741935484,23,Feb 25 01:27:17
16.7741935484,24,Feb 25 01:28:18
16.4516129032,23,Feb 25 01:29:18
16.7741935484,23,Feb 25 01:30:19
16.7741935484,23,Feb 25 01:31:19
16.4516129032,23,Feb 25 01:32:20
16.4516129032,24,Feb 25 01:33:20
16.4516129032,24,Feb 25 01:34:21
16.4516129032,24,Feb 25 01:35:21
16.4516129032,24,Feb 25 01:36:22
16.4516129032,23,Feb 25 01:37:23
16.4516129032,24,Feb 25 01:38:23
16.7741935484,24,Feb 25 01:39:24
16.7741935484,23,Feb 25 01:40:24
16.4516129032,24,Feb 25 01:41:25
16.4516129032,24,Feb 25 01:42:25
16.4516129032,24,Feb 25 01:43:26
16.4516129032,24,Feb 25 01:44:26
16.4516129032,24,Feb 25 01:45:27
16.4516129032,23,Feb 25 01:46:27
16.4516129032,24,Feb 25 01:47:28
16.4516129032,23,Feb 25 01:48:28
16.4516129032,24,Feb 25 01:49:29
16.4516129032,24,Feb 25 01:50:29
16.4516129032,24,Feb 25 01:51:30
16.4516129032,24,Feb 25 01:52:30
16.4516129032,24,Feb 25 01:53:32
16.4516129032,24,Feb 25 01:54:33
16.4516129032,24,Feb 25 01:55:33
16.4516129032,24,Feb 25 01:56:34
16.4516129032,24,Feb 25 01:57:34
16.4516129032,24,Feb 25 01:58:35
16.1290322581,24,Feb 25 01:59:35
16.4516129032,24,Feb 25 02:00:36
16.4516129032,24,Feb 25 02:01:36
16.4516129032,24,Feb 25 02:02:37
16.4516129032,24,Feb 25 02:03:37
16.4516129032,24,Feb 25 02:04:38
16.4516129032,24,Feb 25 02:05:39
16.4516129032,24,Feb 25 02:06:39
16.4516129032,24,Feb 25 02:07:40
16.4516129032,24,Feb 25 02:08:40
16.4516129032,24,Feb 25 02:09:41
16.4516129032,24,Feb 25 02:10:41
16.4516129032,24,Feb 25 02:11:42
16.4516129032,24,Feb 25 02:12:42
16.4516129032,24,Feb 25 02:13:43
16.4516129032,24,Feb 25 02:14:43
16.4516129032,24,Feb 25 02:15:44
16.4516129032,24,Feb 25 02:16:44
16.1290322581,24,Feb 25 02:17:45
16.1290322581,24,Feb 25 02:18:45
16.4516129032,24,Feb 25 02:19:46
16.4516129032,24,Feb 25 02:20:47
16.4516129032,24,Feb 25 02:21:47
16.1290322581,24,Feb 25 02:22:48
16.1290322581,24,Feb 25 02:23:48
16.1290322581,24,Feb 25 02:24:49
16.4516129032,24,Feb 25 02:25:49
16.1290322581,24,Feb 25 02:26:50
16.1290322581,24,Feb 25 02:27:50
16.4516129032,24,Feb 25 02:28:51
16.4516129032,24,Feb 25 02:29:51
16.1290322581,24,Feb 25 02:30:52
16.4516129032,24,Feb 25 02:31:52
16.1290322581,24,Feb 25 02:32:53
16.1290322581,24,Feb 25 02:33:53
16.1290322581,24,Feb 25 02:34:54
16.1290322581,24,Feb 25 02:35:54
16.1290322581,24,Feb 25 02:36:55
16.4516129032,24,Feb 25 02:37:56
16.4516129032,24,Feb 25 02:38:56
16.1290322581,24,Feb 25 02:39:57
16.4516129032,24,Feb 25 02:40:57
16.1290322581,24,Feb 25 02:41:58
16.1290322581,24,Feb 25 02:42:58
16.1290322581,24,Feb 25 02:43:59
16.1290322581,24,Feb 25 02:44:59
16.4516129032,24,Feb 25 02:46:00
16.4516129032,24,Feb 25 02:47:00
16.1290322581,24,Feb 25 02:48:01
16.1290322581,24,Feb 25 02:49:01
15.8064516129,24,Feb 25 02:50:02
16.1290322581,24,Feb 25 02:51:02
16.1290322581,24,Feb 25 02:52:03
16.1290322581,24,Feb 25 02:53:03
16.1290322581,24,Feb 25 02:54:04
16.1290322581,24,Feb 25 02:55:05
16.1290322581,24,Feb 25 02:56:05
16.1290322581,24,Feb 25 02:57:06
16.1290322581,24,Feb 25 02:58:06
16.4516129032,24,Feb 25 02:59:07
16.1290322581,24,Feb 25 03:00:07
16.4516129032,24,Feb 25 03:01:08
16.4516129032,24,Feb 25 03:02:08
16.1290322581,24,Feb 25 03:03:09
16.4516129032,24,Feb 25 03:04:09
16.1290322581,24,Feb 25 03:05:10
15.8064516129,24,Feb 25 03:06:10
16.1290322581,24,Feb 25 03:07:11
15.8064516129,24,Feb 25 03:08:11
16.1290322581,24,Feb 25 03:09:12
16.1290322581,24,Feb 25 03:10:13
16.1290322581,24,Feb 25 03:11:13
16.1290322581,24,Feb 25 03:12:14
16.4516129032,24,Feb 25 03:13:14
16.4516129032,24,Feb 25 03:14:15
16.4516129032,24,Feb 25 03:15:15
16.4516129032,24,Feb 25 03:16:16
16.1290322581,23,Feb 25 03:17:16
16.1290322581,24,Feb 25 03:18:17
16.1290322581,24,Feb 25 03:19:17
16.1290322581,24,Feb 25 03:20:18
16.1290322581,24,Feb 25 03:21:18
16.1290322581,24,Feb 25 03:22:19
16.4516129032,24,Feb 25 03:23:19
16.1290322581,24,Feb 25 03:24:20
16.4516129032,24,Feb 25 03:25:20
16.4516129032,24,Feb 25 03:26:21
16.1290322581,24,Feb 25 03:27:22
16.4516129032,24,Feb 25 03:28:22
16.4516129032,24,Feb 25 03:29:23
16.1290322581,24,Feb 25 03:30:23
16.1290322581,24,Feb 25 03:31:24
16.1290322581,24,Feb 25 03:32:24
16.1290322581,24,Feb 25 03:33:25
16.4516129032,24,Feb 25 03:34:25
16.4516129032,24,Feb 25 03:35:26
16.1290322581,24,Feb 25 03:36:26
16.1290322581,24,Feb 25 03:37:27
16.4516129032,24,Feb 25 03:38:27
16.1290322581,24,Feb 25 03:39:28
16.1290322581,24,Feb 25 03:40:28
16.4516129032,24,Feb 25 03:41:29
16.1290322581,24,Feb 25 03:42:29
16.4516129032,24,Feb 25 03:43:30
16.4516129032,24,Feb 25 03:44:31
16.4516129032,24,Feb 25 03:45:31
16.4516129032,24,Feb 25 03:46:32
16.4516129032,24,Feb 25 03:47:32
16.1290322581,24,Feb 25 03:48:33
16.4516129032,24,Feb 25 03:49:33
16.4516129032,24,Feb 25 03:50:34
16.4516129032,24,Feb 25 03:51:34
16.1290322581,24,Feb 25 03:52:35
16.4516129032,24,Feb 25 03:53:35
16.4516129032,24,Feb 25 03:54:36
16.4516129032,24,Feb 25 03:55:36
16.4516129032,24,Feb 25 03:56:37
16.4516129032,24,Feb 25 03:57:37
16.4516129032,24,Feb 25 03:58:38
16.4516129032,23,Feb 25 03:59:39
16.4516129032,24,Feb 25 04:00:39
16.1290322581,24,Feb 25 04:01:40
16.1290322581,24,Feb 25 04:02:40
16.4516129032,24,Feb 25 04:03:41
16.1290322581,24,Feb 25 04:04:41
16.4516129032,24,Feb 25 04:05:42
16.4516129032,24,Feb 25 04:06:42
16.4516129032,24,Feb 25 04:07:43
15.8064516129,24,Feb 25 04:08:43
16.1290322581,24,Feb 25 04:09:44
16.4516129032,24,Feb 25 04:10:44
16.4516129032,24,Feb 25 04:11:45
16.4516129032,24,Feb 25 04:12:45
16.4516129032,23,Feb 25 04:13:46
16.1290322581,24,Feb 25 04:14:47
16.4516129032,24,Feb 25 04:15:47
16.4516129032,24,Feb 25 04:16:48
16.4516129032,24,Feb 25 04:17:48
16.4516129032,24,Feb 25 04:18:49
16.1290322581,24,Feb 25 04:19:49
16.4516129032,24,Feb 25 04:20:50
16.1290322581,24,Feb 25 04:21:50
16.4516129032,24,Feb 25 04:22:51
16.4516129032,24,Feb 25 04:23:51
16.4516129032,24,Feb 25 04:24:52
16.4516129032,24,Feb 25 04:25:52
15.8064516129,24,Feb 25 04:26:53
16.4516129032,24,Feb 25 04:27:53
15.8064516129,24,Feb 25 04:28:54
16.1290322581,24,Feb 25 04:29:54
16.4516129032,24,Feb 25 04:30:55
16.4516129032,24,Feb 25 04:31:56
16.4516129032,24,Feb 25 04:32:56
16.1290322581,24,Feb 25 04:33:57
16.4516129032,24,Feb 25 04:34:57
16.4516129032,24,Feb 25 04:35:58
16.4516129032,24,Feb 25 04:36:58
16.4516129032,24,Feb 25 04:37:59
16.4516129032,24,Feb 25 04:38:59
16.4516129032,24,Feb 25 04:40:00
16.1290322581,24,Feb 25 04:41:00
16.1290322581,24,Feb 25 04:42:01
16.1290322581,24,Feb 25 04:43:01
16.1290322581,24,Feb 25 04:44:02
16.4516129032,24,Feb 25 04:45:02
16.1290322581,24,Feb 25 04:46:03
16.4516129032,24,Feb 25 04:47:03
16.1290322581,24,Feb 25 04:48:04
16.4516129032,24,Feb 25 04:49:05
16.4516129032,24,Feb 25 04:50:05
16.4516129032,24,Feb 25 04:51:06
16.1290322581,24,Feb 25 04:52:06
16.4516129032,24,Feb 25 04:53:07
16.4516129032,24,Feb 25 04:54:07
15.8064516129,24,Feb 25 04:55:08
16.4516129032,24,Feb 25 04:56:08
16.1290322581,24,Feb 25 04:57:09
16.1290322581,24,Feb 25 04:58:09
16.4516129032,24,Feb 25 04:59:10
16.1290322581,24,Feb 25 05:00:10
16.4516129032,24,Feb 25 05:01:11
16.1290322581,24,Feb 25 05:02:11
16.1290322581,24,Feb 25 05:03:12
16.1290322581,24,Feb 25 05:04:13
16.1290322581,24,Feb 25 05:05:13
16.4516129032,24,Feb 25 05:06:14
16.1290322581,24,Feb 25 05:07:14
16.1290322581,24,Feb 25 05:08:15
16.4516129032,24,Feb 25 05:09:15
16.1290322581,24,Feb 25 05:10:16
16.4516129032,24,Feb 25 05:11:16
16.1290322581,24,Feb 25 05:12:17
16.1290322581,24,Feb 25 05:13:17
16.4516129032,24,Feb 25 05:14:18
16.1290322581,24,Feb 25 05:15:18
16.4516129032,24,Feb 25 05:16:19
16.1290322581,24,Feb 25 05:17:19
16.1290322581,24,Feb 25 05:18:20
16.4516129032,24,Feb 25 05:19:20
16.1290322581,24,Feb 25 05:20:21
16.1290322581,24,Feb 25 05:21:22
16.1290322581,24,Feb 25 05:22:22
16.4516129032,24,Feb 25 05:23:23
16.1290322581,24,Feb 25 05:24:23
16.1290322581,24,Feb 25 05:25:24
16.1290322581,24,Feb 25 05:26:24
16.1290322581,24,Feb 25 05:27:25
16.1290322581,24,Feb 25 05:28:25
16.1290322581,24,Feb 25 05:29:26
16.1290322581,24,Feb 25 05:30:26
15.8064516129,24,Feb 25 05:31:27
16.1290322581,24,Feb 25 05:32:27
16.1290322581,24,Feb 25 05:33:28
16.1290322581,24,Feb 25 05:34:28
16.1290322581,24,Feb 25 05:35:29
15.8064516129,24,Feb 25 05:36:30
15.8064516129,24,Feb 25 05:37:30
16.1290322581,24,Feb 25 05:38:31
16.1290322581,24,Feb 25 05:39:31
16.1290322581,24,Feb 25 05:40:32
16.1290322581,24,Feb 25 05:41:32
16.1290322581,24,Feb 25 05:42:33
16.1290322581,24,Feb 25 05:43:33
16.1290322581,24,Feb 25 05:44:34
16.1290322581,24,Feb 25 05:45:34
16.1290322581,24,Feb 25 05:46:35
15.8064516129,24,Feb 25 05:47:35
16.1290322581,24,Feb 25 05:48:36
16.1290322581,24,Feb 25 05:49:36
16.1290322581,24,Feb 25 05:50:37
15.8064516129,24,Feb 25 05:51:37
16.1290322581,24,Feb 25 05:52:38
16.1290322581,24,Feb 25 05:53:39
16.1290322581,24,Feb 25 05:54:39
16.1290322581,24,Feb 25 05:55:40
15.8064516129,24,Feb 25 05:56:40
16.1290322581,24,Feb 25 05:57:41
15.8064516129,24,Feb 25 05:58:41
15.8064516129,24,Feb 25 05:59:42
16.1290322581,24,Feb 25 06:00:42
16.1290322581,24,Feb 25 06:01:43
16.1290322581,24,Feb 25 06:02:43
16.1290322581,24,Feb 25 06:03:44
16.1290322581,24,Feb 25 06:04:44
16.1290322581,24,Feb 25 06:05:45
16.1290322581,24,Feb 25 06:06:45
16.1290322581,24,Feb 25 06:07:46
16.1290322581,24,Feb 25 06:08:47
16.1290322581,24,Feb 25 06:09:47
15.8064516129,24,Feb 25 06:10:48
15.8064516129,24,Feb 25 06:11:48
15.8064516129,24,Feb 25 06:12:49
16.1290322581,24,Feb 25 06:13:49
15.8064516129,24,Feb 25 06:14:50
15.8064516129,24,Feb 25 06:15:51
15.8064516129,24,Feb 25 06:16:52
16.1290322581,24,Feb 25 06:17:52
15.1612903226,24,Feb 25 06:18:53
16.1290322581,24,Feb 25 06:19:54
15.8064516129,24,Feb 25 06:20:54
16.1290322581,24,Feb 25 06:21:55
15.8064516129,24,Feb 25 06:22:55
16.1290322581,24,Feb 25 06:23:56
16.1290322581,24,Feb 25 06:24:56
16.1290322581,24,Feb 25 06:25:57
15.8064516129,24,Feb 25 06:26:57
16.1290322581,24,Feb 25 06:27:58
15.8064516129,24,Feb 25 06:28:58
15.8064516129,24,Feb 25 06:29:59
15.8064516129,24,Feb 25 06:30:59
16.1290322581,24,Feb 25 06:32:00
16.1290322581,24,Feb 25 06:33:00
16.1290322581,24,Feb 25 06:34:01
16.1290322581,24,Feb 25 06:35:01
15.8064516129,24,Feb 25 06:36:02
16.1290322581,24,Feb 25 06:37:03
16.1290322581,24,Feb 25 06:38:03
15.8064516129,24,Feb 25 06:39:04
15.8064516129,24,Feb 25 06:40:04
16.1290322581,24,Feb 25 06:41:05
15.8064516129,24,Feb 25 06:42:05
16.1290322581,24,Feb 25 06:43:06
15.8064516129,24,Feb 25 06:44:06
15.4838709677,24,Feb 25 06:45:07
15.8064516129,24,Feb 25 06:46:07
15.8064516129,24,Feb 25 06:47:08
16.1290322581,24,Feb 25 06:48:08
15.8064516129,24,Feb 25 06:49:09
16.1290322581,24,Feb 25 06:50:09
16.1290322581,24,Feb 25 06:51:11
15.8064516129,24,Feb 25 06:52:11
15.8064516129,24,Feb 25 06:53:12
15.8064516129,24,Feb 25 06:54:12
16.1290322581,24,Feb 25 06:55:13
15.4838709677,24,Feb 25 06:56:13
15.8064516129,24,Feb 25 06:57:14
15.8064516129,24,Feb 25 06:58:14
15.4838709677,25,Feb 25 06:59:15
15.4838709677,25,Feb 25 07:00:15
16.1290322581,24,Feb 25 07:01:16
15.8064516129,24,Feb 25 07:02:16
15.8064516129,25,Feb 25 07:03:17
15.8064516129,25,Feb 25 07:04:17
15.8064516129,25,Feb 25 07:05:18
15.8064516129,24,Feb 25 07:06:19
15.8064516129,25,Feb 25 07:07:19
16.1290322581,25,Feb 25 07:08:20
15.8064516129,25,Feb 25 07:09:20
15.8064516129,25,Feb 25 07:10:21
15.8064516129,25,Feb 25 07:11:21
15.8064516129,25,Feb 25 07:12:22
15.8064516129,25,Feb 25 07:13:22
16.1290322581,25,Feb 25 07:14:23
15.8064516129,26,Feb 25 07:15:23
15.4838709677,26,Feb 25 07:16:24
15.8064516129,26,Feb 25 07:17:24
15.8064516129,26,Feb 25 07:18:25
16.1290322581,26,Feb 25 07:19:25
15.8064516129,26,Feb 25 07:20:26
15.8064516129,26,Feb 25 07:21:26
15.8064516129,27,Feb 25 07:22:27
15.8064516129,27,Feb 25 07:23:28
15.8064516129,27,Feb 25 07:24:28
16.1290322581,27,Feb 25 07:25:29
15.8064516129,27,Feb 25 07:26:29
15.8064516129,28,Feb 25 07:27:30
15.8064516129,28,Feb 25 07:28:30
15.8064516129,28,Feb 25 07:29:31
15.8064516129,28,Feb 25 07:30:31
15.8064516129,28,Feb 25 07:31:32
15.8064516129,28,Feb 25 07:32:32
15.8064516129,28,Feb 25 07:33:33
15.8064516129,28,Feb 25 07:34:33
15.8064516129,29,Feb 25 07:35:34
15.8064516129,29,Feb 25 07:36:34
15.8064516129,29,Feb 25 07:37:35
15.8064516129,29,Feb 25 07:38:36
15.8064516129,29,Feb 25 07:39:36
15.8064516129,29,Feb 25 07:40:37
15.8064516129,30,Feb 25 07:41:37
15.8064516129,30,Feb 25 07:42:38
15.8064516129,29,Feb 25 07:43:38
16.1290322581,30,Feb 25 07:44:39
15.8064516129,30,Feb 25 07:45:39
15.8064516129,30,Feb 25 07:46:40
15.8064516129,30,Feb 25 07:47:40
15.8064516129,30,Feb 25 07:48:41
15.8064516129,31,Feb 25 07:49:41
15.8064516129,31,Feb 25 07:50:42
15.4838709677,31,Feb 25 07:51:42
15.8064516129,31,Feb 25 07:52:43
15.4838709677,31,Feb 25 07:53:44
15.8064516129,31,Feb 25 07:54:44
15.8064516129,31,Feb 25 07:55:45
15.8064516129,31,Feb 25 07:56:45
15.8064516129,31,Feb 25 07:57:46
15.8064516129,32,Feb 25 07:58:46
15.8064516129,32,Feb 25 07:59:47
15.8064516129,32,Feb 25 08:00:47
15.4838709677,32,Feb 25 08:01:48
15.8064516129,32,Feb 25 08:02:48
15.8064516129,32,Feb 25 08:03:49
15.8064516129,33,Feb 25 08:04:49
15.8064516129,32,Feb 25 08:05:50
15.8064516129,32,Feb 25 08:06:50
15.8064516129,33,Feb 25 08:07:51
15.8064516129,33,Feb 25 08:08:52
15.4838709677,33,Feb 25 08:09:52
15.4838709677,33,Feb 25 08:10:53
15.8064516129,33,Feb 25 08:11:53
15.8064516129,33,Feb 25 08:12:54
15.4838709677,33,Feb 25 08:13:54
15.4838709677,33,Feb 25 08:14:55
15.8064516129,33,Feb 25 08:15:55
15.4838709677,33,Feb 25 08:16:56
15.4838709677,34,Feb 25 08:17:56
15.8064516129,34,Feb 25 08:18:57
15.4838709677,34,Feb 25 08:19:57
15.8064516129,34,Feb 25 08:20:58
15.8064516129,34,Feb 25 08:21:58
15.8064516129,34,Feb 25 08:22:59
15.4838709677,34,Feb 25 08:23:59
15.4838709677,34,Feb 25 08:25:00
15.8064516129,35,Feb 25 08:26:01
15.4838709677,35,Feb 25 08:27:01
15.4838709677,35,Feb 25 08:28:02
15.4838709677,35,Feb 25 08:29:02
15.4838709677,35,Feb 25 08:30:03
15.4838709677,750,Feb 25 08:31:03
15.4838709677,36,Feb 25 08:32:04
15.4838709677,488,Feb 25 08:33:04
15.4838709677,494,Feb 25 08:34:05
15.1612903226,495,Feb 25 08:35:06
15.4838709677,494,Feb 25 08:36:06
15.4838709677,495,Feb 25 08:37:07
15.4838709677,495,Feb 25 08:38:07
15.4838709677,497,Feb 25 08:39:08
15.1612903226,498,Feb 25 08:40:08
15.4838709677,496,Feb 25 08:41:09
15.4838709677,499,Feb 25 08:42:10
15.4838709677,502,Feb 25 08:43:10
15.4838709677,511,Feb 25 08:44:11
15.4838709677,517,Feb 25 08:45:11
15.4838709677,519,Feb 25 08:46:12
15.4838709677,524,Feb 25 08:47:13
15.1612903226,519,Feb 25 08:48:13
15.4838709677,514,Feb 25 08:49:14
15.4838709677,503,Feb 25 08:50:14
15.4838709677,494,Feb 25 08:51:15
14.8387096774,486,Feb 25 08:52:15
15.4838709677,489,Feb 25 08:53:16
15.4838709677,494,Feb 25 08:54:17
15.4838709677,505,Feb 25 08:55:17
15.1612903226,509,Feb 25 08:56:18
15.4838709677,518,Feb 25 08:57:18
15.4838709677,527,Feb 25 08:58:19
15.1612903226,537,Feb 25 08:59:20
15.4838709677,554,Feb 25 09:00:20
15.4838709677,564,Feb 25 09:01:21
15.1612903226,567,Feb 25 09:02:21
15.1612903226,574,Feb 25 09:03:22
15.1612903226,565,Feb 25 09:04:23
15.1612903226,559,Feb 25 09:05:23
15.4838709677,560,Feb 25 09:06:24
15.1612903226,568,Feb 25 09:07:24
15.1612903226,580,Feb 25 09:08:25
15.4838709677,599,Feb 25 09:09:25
14.8387096774,607,Feb 25 09:10:26
15.1612903226,601,Feb 25 09:11:27
15.4838709677,588,Feb 25 09:12:27
15.1612903226,574,Feb 25 09:13:28
15.1612903226,551,Feb 25 09:14:28
15.1612903226,539,Feb 25 09:15:29
15.1612903226,542,Feb 25 09:16:30
15.1612903226,564,Feb 25 09:17:30
15.4838709677,592,Feb 25 09:18:31
15.4838709677,619,Feb 25 09:19:31
15.1612903226,634,Feb 25 09:20:32
15.4838709677,651,Feb 25 09:21:33
14.8387096774,660,Feb 25 09:22:33
14.8387096774,676,Feb 25 09:23:34
15.4838709677,684,Feb 25 09:24:34
15.4838709677,673,Feb 25 09:25:35
15.4838709677,675,Feb 25 09:26:36
15.4838709677,671,Feb 25 09:27:36
15.1612903226,671,Feb 25 09:28:37
15.1612903226,684,Feb 25 09:29:37
15.1612903226,677,Feb 25 09:30:38
15.4838709677,668,Feb 25 09:31:39
15.1612903226,666,Feb 25 09:32:39
15.4838709677,687,Feb 25 09:33:40
14.8387096774,683,Feb 25 09:34:40
15.4838709677,691,Feb 25 09:35:41
15.1612903226,698,Feb 25 09:36:42
15.4838709677,672,Feb 25 09:37:42
15.1612903226,660,Feb 25 09:38:43
15.4838709677,672,Feb 25 09:39:43
15.1612903226,679,Feb 25 09:40:44
15.1612903226,679,Feb 25 09:41:44
15.4838709677,683,Feb 25 09:42:45
15.4838709677,697,Feb 25 09:43:46
15.1612903226,707,Feb 25 09:44:46
15.4838709677,708,Feb 25 09:45:47
15.4838709677,714,Feb 25 09:46:47
15.1612903226,722,Feb 25 09:47:48
15.1612903226,726,Feb 25 09:48:49
15.4838709677,728,Feb 25 09:49:49
15.4838709677,730,Feb 25 09:50:50
15.4838709677,732,Feb 25 09:51:50
15.1612903226,730,Feb 25 09:52:51
15.4838709677,732,Feb 25 09:53:52
15.4838709677,733,Feb 25 09:54:52
15.4838709677,733,Feb 25 09:55:53
15.4838709677,729,Feb 25 09:56:53
15.4838709677,724,Feb 25 09:57:54
15.4838709677,723,Feb 25 09:58:55
15.4838709677,722,Feb 25 09:59:55
15.4838709677,721,Feb 25 10:00:56
15.4838709677,720,Feb 25 10:01:56
15.4838709677,719,Feb 25 10:02:57
15.8064516129,720,Feb 25 10:03:58
15.4838709677,718,Feb 25 10:04:58
15.4838709677,719,Feb 25 10:05:59
15.4838709677,718,Feb 25 10:06:59
15.4838709677,715,Feb 25 10:08:00
15.4838709677,713,Feb 25 10:09:01
15.8064516129,710,Feb 25 10:10:01
15.4838709677,712,Feb 25 10:11:02
15.4838709677,714,Feb 25 10:12:02
15.8064516129,715,Feb 25 10:13:03
15.4838709677,716,Feb 25 10:14:03
15.4838709677,719,Feb 25 10:15:04
15.8064516129,720,Feb 25 10:16:05
15.4838709677,721,Feb 25 10:17:05
15.4838709677,721,Feb 25 10:18:06
15.4838709677,720,Feb 25 10:19:06
15.4838709677,719,Feb 25 10:20:07
15.1612903226,722,Feb 25 10:21:08
15.8064516129,717,Feb 25 10:22:08
15.4838709677,713,Feb 25 10:23:09
15.8064516129,711,Feb 25 10:24:09
15.8064516129,711,Feb 25 10:25:10
15.4838709677,710,Feb 25 10:26:11
15.8064516129,709,Feb 25 10:27:11
15.8064516129,708,Feb 25 10:28:12
15.4838709677,708,Feb 25 10:29:12
15.8064516129,708,Feb 25 10:30:13
15.8064516129,706,Feb 25 10:31:14
15.8064516129,706,Feb 25 10:32:14
15.8064516129,706,Feb 25 10:33:15
15.8064516129,705,Feb 25 10:34:15
15.4838709677,706,Feb 25 10:35:16
15.8064516129,706,Feb 25 10:36:17
15.8064516129,706,Feb 25 10:37:17
16.1290322581,705,Feb 25 10:38:18
15.8064516129,706,Feb 25 10:39:18
15.8064516129,707,Feb 25 10:40:19
15.8064516129,707,Feb 25 10:41:19
15.8064516129,708,Feb 25 10:42:20
15.8064516129,708,Feb 25 10:43:21
15.8064516129,709,Feb 25 10:44:21
15.8064516129,710,Feb 25 10:45:22
15.8064516129,711,Feb 25 10:46:22
15.8064516129,710,Feb 25 10:47:23
15.8064516129,710,Feb 25 10:48:24
16.1290322581,710,Feb 25 10:49:24
15.8064516129,709,Feb 25 10:50:25
15.8064516129,708,Feb 25 10:51:25
15.8064516129,708,Feb 25 10:52:26
15.8064516129,708,Feb 25 10:53:27
16.1290322581,709,Feb 25 10:54:27
15.4838709677,709,Feb 25 10:55:28
16.1290322581,708,Feb 25 10:56:28
16.1290322581,707,Feb 25 10:57:29
16.1290322581,708,Feb 25 10:58:30
16.1290322581,708,Feb 25 10:59:30
16.1290322581,709,Feb 25 11:00:31
15.8064516129,708,Feb 25 11:01:31
15.8064516129,708,Feb 25 11:02:32
15.8064516129,705,Feb 25 11:03:32
15.8064516129,705,Feb 25 11:04:33
16.1290322581,704,Feb 25 11:05:34
15.8064516129,705,Feb 25 11:06:34
16.1290322581,700,Feb 25 11:07:35
15.8064516129,704,Feb 25 11:08:35
16.1290322581,704,Feb 25 11:09:36
15.8064516129,704,Feb 25 11:10:37
15.8064516129,704,Feb 25 11:11:37
16.1290322581,703,Feb 25 11:12:38
15.8064516129,701,Feb 25 11:13:38
15.8064516129,701,Feb 25 11:14:39
16.1290322581,701,Feb 25 11:15:40
16.1290322581,701,Feb 25 11:16:40
16.1290322581,701,Feb 25 11:17:41
16.1290322581,701,Feb 25 11:18:41
15.4838709677,700,Feb 25 11:19:42
16.1290322581,700,Feb 25 11:20:43
16.1290322581,700,Feb 25 11:21:43
16.1290322581,701,Feb 25 11:22:44
16.1290322581,701,Feb 25 11:23:44
16.1290322581,700,Feb 25 11:24:45
16.1290322581,699,Feb 25 11:25:45
16.1290322581,699,Feb 25 11:26:46
16.1290322581,699,Feb 25 11:27:47
16.1290322581,699,Feb 25 11:28:47
16.1290322581,698,Feb 25 11:29:48
16.1290322581,699,Feb 25 11:30:48
16.1290322581,698,Feb 25 11:31:49
16.1290322581,698,Feb 25 11:32:50
16.1290322581,698,Feb 25 11:33:50
16.1290322581,698,Feb 25 11:34:51
16.1290322581,697,Feb 25 11:35:51
15.8064516129,695,Feb 25 11:36:52
16.1290322581,696,Feb 25 11:37:53
16.1290322581,695,Feb 25 11:38:53
16.1290322581,695,Feb 25 11:39:54
16.1290322581,696,Feb 25 11:40:54
15.8064516129,694,Feb 25 11:41:55
16.1290322581,694,Feb 25 11:42:56
16.1290322581,694,Feb 25 11:43:56
16.1290322581,693,Feb 25 11:44:57
15.8064516129,692,Feb 25 11:45:57
15.8064516129,692,Feb 25 11:46:58
16.1290322581,691,Feb 25 11:47:59
15.4838709677,691,Feb 25 11:48:59
16.1290322581,690,Feb 25 11:50:00
15.8064516129,690,Feb 25 11:51:00
16.1290322581,688,Feb 25 11:52:01
16.1290322581,688,Feb 25 11:53:02
16.1290322581,687,Feb 25 11:54:02
15.8064516129,683,Feb 25 11:55:03
16.1290322581,682,Feb 25 11:56:03
16.1290322581,685,Feb 25 11:57:04
16.1290322581,681,Feb 25 11:58:05
16.1290322581,683,Feb 25 11:59:05
16.1290322581,685,Feb 25 12:00:06
16.1290322581,684,Feb 25 12:01:06
16.1290322581,682,Feb 25 12:02:07
16.1290322581,681,Feb 25 12:03:07
16.1290322581,681,Feb 25 12:04:08
16.1290322581,679,Feb 25 12:05:09
16.1290322581,679,Feb 25 12:06:09
16.1290322581,680,Feb 25 12:07:10
16.1290322581,679,Feb 25 12:08:10
16.1290322581,677,Feb 25 12:09:11
16.1290322581,677,Feb 25 12:10:12
15.4838709677,679,Feb 25 12:11:12
16.1290322581,681,Feb 25 12:12:13
16.1290322581,678,Feb 25 12:13:13
16.1290322581,678,Feb 25 12:14:14
15.8064516129,678,Feb 25 12:15:15
16.1290322581,681,Feb 25 12:16:15
15.8064516129,679,Feb 25 12:17:16
16.1290322581,679,Feb 25 12:18:16
16.1290322581,679,Feb 25 12:19:17
16.1290322581,679,Feb 25 12:20:18
15.8064516129,677,Feb 25 12:21:18
16.1290322581,678,Feb 25 12:22:19
15.8064516129,677,Feb 25 12:23:19
15.8064516129,675,Feb 25 12:24:20
15.8064516129,674,Feb 25 12:25:20
15.8064516129,670,Feb 25 12:26:21
15.8064516129,673,Feb 25 12:27:22
15.8064516129,670,Feb 25 12:28:22
16.1290322581,671,Feb 25 12:29:23
15.8064516129,664,Feb 25 12:30:23
15.8064516129,660,Feb 25 12:31:24
15.8064516129,654,Feb 25 12:32:25
15.8064516129,658,Feb 25 12:33:25
15.4838709677,654,Feb 25 12:34:26
15.8064516129,652,Feb 25 12:35:26
15.8064516129,654,Feb 25 12:36:27
15.8064516129,652,Feb 25 12:37:28
15.8064516129,654,Feb 25 12:38:28
15.8064516129,654,Feb 25 12:39:29
15.8064516129,655,Feb 25 12:40:29
15.8064516129,656,Feb 25 12:41:30
16.1290322581,657,Feb 25 12:42:31
15.8064516129,658,Feb 25 12:43:31
15.8064516129,661,Feb 25 12:44:32
15.8064516129,657,Feb 25 12:45:32
15.8064516129,651,Feb 25 12:46:33
15.8064516129,650,Feb 25 12:47:33
15.4838709677,649,Feb 25 12:48:34
15.8064516129,651,Feb 25 12:49:35
15.8064516129,650,Feb 25 12:50:35
15.8064516129,653,Feb 25 12:51:36
16.1290322581,652,Feb 25 12:52:36
15.4838709677,652,Feb 25 12:53:37
15.8064516129,652,Feb 25 12:54:38
15.8064516129,650,Feb 25 12:55:38
15.8064516129,650,Feb 25 12:56:39
15.8064516129,650,Feb 25 12:57:39
15.8064516129,648,Feb 25 12:58:40
15.8064516129,647,Feb 25 12:59:41
15.8064516129,647,Feb 25 13:00:41
15.8064516129,646,Feb 25 13:01:42
15.8064516129,644,Feb 25 13:02:42
15.8064516129,642,Feb 25 13:03:43
15.4838709677,643,Feb 25 13:04:44
15.8064516129,642,Feb 25 13:05:44
15.8064516129,641,Feb 25 13:06:45
15.8064516129,640,Feb 25 13:07:45
15.4838709677,639,Feb 25 13:08:46
15.8064516129,638,Feb 25 13:09:47
15.8064516129,635,Feb 25 13:10:49
15.4838709677,633,Feb 25 13:11:49
15.8064516129,633,Feb 25 13:12:50
15.8064516129,632,Feb 25 13:13:51
15.8064516129,620,Feb 25 13:14:51
15.8064516129,621,Feb 25 13:15:52
15.8064516129,625,Feb 25 13:16:52
15.8064516129,628,Feb 25 13:17:53
15.8064516129,625,Feb 25 13:18:54
15.8064516129,628,Feb 25 13:19:54
15.4838709677,628,Feb 25 13:20:55
15.8064516129,626,Feb 25 13:21:55
15.8064516129,626,Feb 25 13:22:56
15.8064516129,626,Feb 25 13:23:57
15.8064516129,625,Feb 25 13:24:57
15.4838709677,623,Feb 25 13:25:58
15.4838709677,621,Feb 25 13:26:58
15.8064516129,612,Feb 25 13:27:59
15.4838709677,610,Feb 25 13:29:00
15.8064516129,611,Feb 25 13:30:00
15.4838709677,611,Feb 25 13:31:01
15.4838709677,612,Feb 25 13:32:01
15.4838709677,613,Feb 25 13:33:02
15.4838709677,612,Feb 25 13:34:03
15.8064516129,610,Feb 25 13:35:03
15.8064516129,609,Feb 25 13:36:04
15.4838709677,609,Feb 25 13:37:04
15.4838709677,607,Feb 25 13:38:05
15.8064516129,604,Feb 25 13:39:06
15.4838709677,602,Feb 25 13:40:06
15.4838709677,601,Feb 25 13:41:07
15.4838709677,599,Feb 25 13:42:07
15.8064516129,593,Feb 25 13:43:08
15.4838709677,591,Feb 25 13:44:09
15.4838709677,587,Feb 25 13:45:09
15.4838709677,590,Feb 25 13:46:10
15.4838709677,589,Feb 25 13:47:10
15.8064516129,577,Feb 25 13:48:11
15.4838709677,582,Feb 25 13:49:12
15.4838709677,582,Feb 25 13:50:12
15.4838709677,578,Feb 25 13:51:13
15.4838709677,575,Feb 25 13:52:13
15.4838709677,580,Feb 25 13:53:14
15.4838709677,572,Feb 25 13:54:15
15.4838709677,576,Feb 25 13:55:15
15.4838709677,573,Feb 25 13:56:16
15.4838709677,569,Feb 25 13:57:16
15.1612903226,568,Feb 25 13:58:17
15.4838709677,564,Feb 25 13:59:18
15.1612903226,565,Feb 25 14:00:18
15.4838709677,564,Feb 25 14:01:19
15.4838709677,562,Feb 25 14:02:19
15.8064516129,562,Feb 25 14:03:20
15.4838709677,563,Feb 25 14:04:20
15.4838709677,560,Feb 25 14:05:21
15.4838709677,558,Feb 25 14:06:22
15.4838709677,557,Feb 25 14:07:22
15.4838709677,555,Feb 25 14:08:23
15.4838709677,554,Feb 25 14:09:23
15.1612903226,552,Feb 25 14:10:24
15.4838709677,551,Feb 25 14:11:25
15.4838709677,550,Feb 25 14:12:26
15.4838709677,550,Feb 25 14:13:26
15.1612903226,547,Feb 25 14:14:27
15.4838709677,546,Feb 25 14:15:28
15.1612903226,544,Feb 25 14:16:28
15.4838709677,543,Feb 25 14:17:29
15.1612903226,542,Feb 25 14:18:29
15.1612903226,542,Feb 25 14:19:30
15.4838709677,539,Feb 25 14:20:31
15.4838709677,539,Feb 25 14:21:31
15.1612903226,536,Feb 25 14:22:32
15.4838709677,530,Feb 25 14:23:32
15.4838709677,528,Feb 25 14:24:33
15.4838709677,521,Feb 25 14:25:33
15.1612903226,511,Feb 25 14:26:34
15.1612903226,526,Feb 25 14:27:35
15.8064516129,516,Feb 25 14:28:35
15.1612903226,524,Feb 25 14:29:36
15.4838709677,526,Feb 25 14:30:36
15.4838709677,530,Feb 25 14:31:37
15.4838709677,530,Feb 25 14:32:38
15.4838709677,528,Feb 25 14:33:38
14.8387096774,527,Feb 25 14:34:39
15.1612903226,524,Feb 25 14:35:39
15.1612903226,524,Feb 25 14:36:40
15.4838709677,521,Feb 25 14:37:41
15.4838709677,522,Feb 25 14:38:41
15.1612903226,523,Feb 25 14:39:42
15.4838709677,520,Feb 25 14:40:42
15.4838709677,519,Feb 25 14:41:43
15.1612903226,508,Feb 25 14:42:44
15.4838709677,500,Feb 25 14:43:44
15.4838709677,495,Feb 25 14:44:45
15.4838709677,496,Feb 25 14:45:45
15.1612903226,492,Feb 25 14:46:46
15.1612903226,498,Feb 25 14:47:47
15.4838709677,487,Feb 25 14:48:47
15.1612903226,475,Feb 25 14:49:48
15.1612903226,472,Feb 25 14:50:48
15.1612903226,483,Feb 25 14:51:49
14.8387096774,479,Feb 25 14:52:49
15.4838709677,473,Feb 25 14:53:50
15.1612903226,479,Feb 25 14:54:51
15.4838709677,470,Feb 25 14:55:51
15.1612903226,469,Feb 25 14:56:52
15.1612903226,473,Feb 25 14:57:52
15.4838709677,473,Feb 25 14:58:53
15.1612903226,470,Feb 25 14:59:53
15.1612903226,476,Feb 25 15:00:54
15.1612903226,472,Feb 25 15:01:55
15.1612903226,481,Feb 25 15:02:55
15.1612903226,485,Feb 25 15:03:56
15.1612903226,488,Feb 25 15:04:56
15.1612903226,494,Feb 25 15:05:57
15.4838709677,493,Feb 25 15:06:57
15.4838709677,492,Feb 25 15:07:58
15.1612903226,492,Feb 25 15:08:59
15.4838709677,493,Feb 25 15:09:59
15.4838709677,495,Feb 25 15:11:00
15.4838709677,493,Feb 25 15:12:00
15.4838709677,485,Feb 25 15:13:01
15.4838709677,476,Feb 25 15:14:02
15.4838709677,465,Feb 25 15:15:02
15.4838709677,470,Feb 25 15:16:03
15.4838709677,465,Feb 25 15:17:03
15.4838709677,471,Feb 25 15:18:04
15.4838709677,467,Feb 25 15:19:04
15.4838709677,471,Feb 25 15:20:05
15.4838709677,475,Feb 25 15:21:06
15.4838709677,482,Feb 25 15:22:06
15.4838709677,486,Feb 25 15:23:07
15.8064516129,489,Feb 25 15:24:07
15.8064516129,487,Feb 25 15:25:08
15.4838709677,488,Feb 25 15:26:08
15.8064516129,487,Feb 25 15:27:09
15.4838709677,487,Feb 25 15:28:10
15.4838709677,486,Feb 25 15:29:10
15.4838709677,485,Feb 25 15:30:11
15.8064516129,481,Feb 25 15:31:11
15.4838709677,480,Feb 25 15:32:12
15.4838709677,478,Feb 25 15:33:12
15.4838709677,476,Feb 25 15:34:13
15.4838709677,475,Feb 25 15:35:14
15.8064516129,471,Feb 25 15:36:14
15.4838709677,467,Feb 25 15:37:15
15.4838709677,466,Feb 25 15:38:15
15.8064516129,462,Feb 25 15:39:16
15.4838709677,464,Feb 25 15:40:17
15.8064516129,461,Feb 25 15:41:17
15.8064516129,460,Feb 25 15:42:18
15.4838709677,457,Feb 25 15:43:18
15.1612903226,455,Feb 25 15:44:19
15.4838709677,451,Feb 25 15:45:19
15.4838709677,449,Feb 25 15:46:20
15.4838709677,447,Feb 25 15:47:21
15.4838709677,445,Feb 25 15:48:21
15.4838709677,444,Feb 25 15:49:22
15.4838709677,442,Feb 25 15:50:22
15.4838709677,442,Feb 25 15:51:23
15.4838709677,441,Feb 25 15:52:23
15.4838709677,439,Feb 25 15:53:24
15.4838709677,437,Feb 25 15:54:25
15.4838709677,436,Feb 25 15:55:25
15.4838709677,435,Feb 25 15:56:26
15.4838709677,434,Feb 25 15:57:26
15.4838709677,432,Feb 25 15:58:27
15.4838709677,431,Feb 25 15:59:28
15.4838709677,431,Feb 25 16:00:28
15.4838709677,429,Feb 25 16:01:29
15.4838709677,429,Feb 25 16:02:29
15.8064516129,428,Feb 25 16:03:30
15.1612903226,427,Feb 25 16:04:30
15.4838709677,426,Feb 25 16:05:31
15.1612903226,426,Feb 25 16:06:32
15.4838709677,425,Feb 25 16:07:32
15.4838709677,423,Feb 25 16:08:33
15.4838709677,423,Feb 25 16:09:33
14.8387096774,422,Feb 25 16:10:34
15.4838709677,421,Feb 25 16:11:34
15.4838709677,420,Feb 25 16:12:35
15.4838709677,418,Feb 25 16:13:36
15.1612903226,407,Feb 25 16:14:36
15.4838709677,392,Feb 25 16:15:37
15.4838709677,400,Feb 25 16:16:37
15.4838709677,403,Feb 25 16:17:38
15.4838709677,398,Feb 25 16:18:38
15.4838709677,387,Feb 25 16:19:39
15.4838709677,382,Feb 25 16:20:40
15.1612903226,389,Feb 25 16:21:40
15.4838709677,390,Feb 25 16:22:41
15.4838709677,393,Feb 25 16:23:41
15.4838709677,392,Feb 25 16:24:42
15.4838709677,390,Feb 25 16:25:43
15.4838709677,388,Feb 25 16:26:43
15.1612903226,753,Feb 25 16:27:44
15.4838709677,754,Feb 25 16:28:44
15.1612903226,755,Feb 25 16:29:45
15.4838709677,749,Feb 25 16:30:45
15.8064516129,754,Feb 25 16:31:46
15.4838709677,749,Feb 25 16:32:47
15.4838709677,747,Feb 25 16:33:47
15.4838709677,750,Feb 25 16:34:48
15.8064516129,750,Feb 25 16:35:48
15.4838709677,751,Feb 25 16:36:49
15.4838709677,747,Feb 25 16:37:50
15.4838709677,747,Feb 25 16:38:50
15.4838709677,746,Feb 25 16:39:51
